mpath,step_modded,revision,Layer,Head,n_params,n_layers,mean_1back,mean_first
EleutherAI/pythia-1.4b,2,step1,1,1,1414647808,24,0.12524754993684653,0.16544388504223417
EleutherAI/pythia-1.4b,2,step1,1,2,1414647808,24,0.126701395673392,0.16572320615095235
EleutherAI/pythia-1.4b,2,step1,1,3,1414647808,24,0.12910128899992582,0.1686235507810348
EleutherAI/pythia-1.4b,2,step1,1,4,1414647808,24,0.12191011306379468,0.16160389337431377
EleutherAI/pythia-1.4b,2,step1,1,5,1414647808,24,0.1257935095265194,0.1649708373936357
EleutherAI/pythia-1.4b,2,step1,1,6,1414647808,24,0.12627095950616368,0.16754479266636002
EleutherAI/pythia-1.4b,2,step1,1,7,1414647808,24,0.12592649774754544,0.16645438832653173
EleutherAI/pythia-1.4b,2,step1,1,8,1414647808,24,0.12526372840275632,0.16482760365660837
EleutherAI/pythia-1.4b,2,step1,1,9,1414647808,24,0.12247423283397789,0.16343925390448472
EleutherAI/pythia-1.4b,2,step1,1,10,1414647808,24,0.1261211185528709,0.16601960123838244
EleutherAI/pythia-1.4b,2,step1,1,11,1414647808,24,0.12496682072992435,0.16469759305004955
EleutherAI/pythia-1.4b,2,step1,1,12,1414647808,24,0.12622209892303374,0.16713517867923675
EleutherAI/pythia-1.4b,2,step1,1,13,1414647808,24,0.12500275561289562,0.16586149256821864
EleutherAI/pythia-1.4b,2,step1,1,14,1414647808,24,0.1254236692277429,0.16495993147204227
EleutherAI/pythia-1.4b,2,step1,1,15,1414647808,24,0.12335186952294347,0.16317833677583088
EleutherAI/pythia-1.4b,2,step1,1,16,1414647808,24,0.12297272016559989,0.16435529026496515
EleutherAI/pythia-1.4b,2,step1,2,1,1414647808,24,0.12535721987664875,0.16658073826483236
EleutherAI/pythia-1.4b,2,step1,2,2,1414647808,24,0.12639033897324006,0.16231156503026545
EleutherAI/pythia-1.4b,2,step1,2,3,1414647808,24,0.12482479260535208,0.16631658073212646
EleutherAI/pythia-1.4b,2,step1,2,4,1414647808,24,0.12450409436167714,0.16387486660310452
EleutherAI/pythia-1.4b,2,step1,2,5,1414647808,24,0.12545969307579252,0.16800162035625077
EleutherAI/pythia-1.4b,2,step1,2,6,1414647808,24,0.1255996985131645,0.16429969859687055
EleutherAI/pythia-1.4b,2,step1,2,7,1414647808,24,0.1261248569767754,0.16533470473199094
EleutherAI/pythia-1.4b,2,step1,2,8,1414647808,24,0.12202750001516603,0.16660951979055594
EleutherAI/pythia-1.4b,2,step1,2,9,1414647808,24,0.12578921536873047,0.1666039973609261
EleutherAI/pythia-1.4b,2,step1,2,10,1414647808,24,0.12544719929675435,0.1640086990778331
EleutherAI/pythia-1.4b,2,step1,2,11,1414647808,24,0.12636927521421204,0.1587661499711307
EleutherAI/pythia-1.4b,2,step1,2,12,1414647808,24,0.12610971259775458,0.16203735843188943
EleutherAI/pythia-1.4b,2,step1,2,13,1414647808,24,0.12188138884377547,0.1634178021838804
EleutherAI/pythia-1.4b,2,step1,2,14,1414647808,24,0.1246975969702184,0.16272580048052573
EleutherAI/pythia-1.4b,2,step1,2,15,1414647808,24,0.12397585223028963,0.1649604180083797
EleutherAI/pythia-1.4b,2,step1,2,16,1414647808,24,0.1255609659763338,0.170443214185245
EleutherAI/pythia-1.4b,2,step1,3,1,1414647808,24,0.12837335867275879,0.16534952533518046
EleutherAI/pythia-1.4b,2,step1,3,2,1414647808,24,0.12616390675619554,0.1678429141517605
EleutherAI/pythia-1.4b,2,step1,3,3,1414647808,24,0.12493500721503839,0.1652593151484434
EleutherAI/pythia-1.4b,2,step1,3,4,1414647808,24,0.12677495243089332,0.16078400889316474
EleutherAI/pythia-1.4b,2,step1,3,5,1414647808,24,0.12765044983554705,0.1645057035425493
EleutherAI/pythia-1.4b,2,step1,3,6,1414647808,24,0.12398993245720322,0.1661500801575613
EleutherAI/pythia-1.4b,2,step1,3,7,1414647808,24,0.1279419765614711,0.15885663541542872
EleutherAI/pythia-1.4b,2,step1,3,8,1414647808,24,0.12453018506994472,0.16647573889935155
EleutherAI/pythia-1.4b,2,step1,3,9,1414647808,24,0.12671169970329993,0.16402688177789113
EleutherAI/pythia-1.4b,2,step1,3,10,1414647808,24,0.12665513702094908,0.16546507263080668
EleutherAI/pythia-1.4b,2,step1,3,11,1414647808,24,0.12480770132585506,0.16277154403047872
EleutherAI/pythia-1.4b,2,step1,3,12,1414647808,24,0.12262484820576397,0.17061709897318578
EleutherAI/pythia-1.4b,2,step1,3,13,1414647808,24,0.12306532973574622,0.16207863531961988
EleutherAI/pythia-1.4b,2,step1,3,14,1414647808,24,0.12506087018629986,0.16454263302768848
EleutherAI/pythia-1.4b,2,step1,3,15,1414647808,24,0.12593918473826152,0.16481452672420674
EleutherAI/pythia-1.4b,2,step1,3,16,1414647808,24,0.12521806953883202,0.16402550383999537
EleutherAI/pythia-1.4b,2,step1,4,1,1414647808,24,0.1246894801891333,0.15924114055439334
EleutherAI/pythia-1.4b,2,step1,4,2,1414647808,24,0.12791600941425862,0.16622725468654706
EleutherAI/pythia-1.4b,2,step1,4,3,1414647808,24,0.12751565050814778,0.17128861824179192
EleutherAI/pythia-1.4b,2,step1,4,4,1414647808,24,0.12261951173859849,0.17253881887541156
EleutherAI/pythia-1.4b,2,step1,4,5,1414647808,24,0.1268934276257012,0.16780403265925317
EleutherAI/pythia-1.4b,2,step1,4,6,1414647808,24,0.12741632862492006,0.16403995913540095
EleutherAI/pythia-1.4b,2,step1,4,7,1414647808,24,0.12475086206587044,0.16317579062940835
EleutherAI/pythia-1.4b,2,step1,4,8,1414647808,24,0.1250079774574653,0.16843903633589677
EleutherAI/pythia-1.4b,2,step1,4,9,1414647808,24,0.12825653421225486,0.16405798764423918
EleutherAI/pythia-1.4b,2,step1,4,10,1414647808,24,0.1270533290778373,0.16793314595748707
EleutherAI/pythia-1.4b,2,step1,4,11,1414647808,24,0.12457809074258835,0.16524942173949766
EleutherAI/pythia-1.4b,2,step1,4,12,1414647808,24,0.12577445848142954,0.16977588640520339
EleutherAI/pythia-1.4b,2,step1,4,13,1414647808,24,0.1256951508993232,0.16380030533170195
EleutherAI/pythia-1.4b,2,step1,4,14,1414647808,24,0.12418759287007752,0.16409541400255737
EleutherAI/pythia-1.4b,2,step1,4,15,1414647808,24,0.12674694088240102,0.16518201225915466
EleutherAI/pythia-1.4b,2,step1,4,16,1414647808,24,0.12605158221703747,0.16847661174498157
EleutherAI/pythia-1.4b,2,step1,5,1,1414647808,24,0.127762060696343,0.1622271941353877
EleutherAI/pythia-1.4b,2,step1,5,2,1414647808,24,0.12400424506727814,0.16205269617361345
EleutherAI/pythia-1.4b,2,step1,5,3,1414647808,24,0.12456962102660542,0.1721082067133875
EleutherAI/pythia-1.4b,2,step1,5,4,1414647808,24,0.12606137228553535,0.1592837114435237
EleutherAI/pythia-1.4b,2,step1,5,5,1414647808,24,0.12667474743571722,0.16458522208460097
EleutherAI/pythia-1.4b,2,step1,5,6,1414647808,24,0.12367740522947035,0.17436990679406722
EleutherAI/pythia-1.4b,2,step1,5,7,1414647808,24,0.1245095257006876,0.16336664174859583
EleutherAI/pythia-1.4b,2,step1,5,8,1414647808,24,0.1256199688580748,0.1651960232773342
EleutherAI/pythia-1.4b,2,step1,5,9,1414647808,24,0.12795201403175563,0.16118389848541387
EleutherAI/pythia-1.4b,2,step1,5,10,1414647808,24,0.12999125118101676,0.1638972530974908
EleutherAI/pythia-1.4b,2,step1,5,11,1414647808,24,0.12671821722732823,0.16735515301045886
EleutherAI/pythia-1.4b,2,step1,5,12,1414647808,24,0.1269696737407474,0.15885059522638267
EleutherAI/pythia-1.4b,2,step1,5,13,1414647808,24,0.12295296266898732,0.16120596920271532
EleutherAI/pythia-1.4b,2,step1,5,14,1414647808,24,0.12456240953581108,0.16881840724732958
EleutherAI/pythia-1.4b,2,step1,5,15,1414647808,24,0.12488259288395664,0.1692494146481111
EleutherAI/pythia-1.4b,2,step1,5,16,1414647808,24,0.12808491391417853,0.16530864811068893
EleutherAI/pythia-1.4b,2,step1,6,1,1414647808,24,0.12503081034902513,0.1619001562251253
EleutherAI/pythia-1.4b,2,step1,6,2,1414647808,24,0.12644338411455214,0.1599252452072617
EleutherAI/pythia-1.4b,2,step1,6,3,1414647808,24,0.12710495981703823,0.16893332174702266
EleutherAI/pythia-1.4b,2,step1,6,4,1414647808,24,0.12423677706682643,0.16690853248174123
EleutherAI/pythia-1.4b,2,step1,6,5,1414647808,24,0.12623505026392925,0.16548730317760513
EleutherAI/pythia-1.4b,2,step1,6,6,1414647808,24,0.12718937180197987,0.16277162852632746
EleutherAI/pythia-1.4b,2,step1,6,7,1414647808,24,0.1264729072583151,0.16099542368751563
EleutherAI/pythia-1.4b,2,step1,6,8,1414647808,24,0.12532688805402753,0.1677892522959111
EleutherAI/pythia-1.4b,2,step1,6,9,1414647808,24,0.12150062299011881,0.16851965479507994
EleutherAI/pythia-1.4b,2,step1,6,10,1414647808,24,0.1263691963678276,0.16541984418893715
EleutherAI/pythia-1.4b,2,step1,6,11,1414647808,24,0.12545974201917107,0.17078565014106728
EleutherAI/pythia-1.4b,2,step1,6,12,1414647808,24,0.12513257289031243,0.15892250673683195
EleutherAI/pythia-1.4b,2,step1,6,13,1414647808,24,0.12720255035761593,0.16640672117315072
EleutherAI/pythia-1.4b,2,step1,6,14,1414647808,24,0.12519315322553426,0.16458912986937582
EleutherAI/pythia-1.4b,2,step1,6,15,1414647808,24,0.12479267745941605,0.16731001611228458
EleutherAI/pythia-1.4b,2,step1,6,16,1414647808,24,0.12423905830931015,0.16382788027728995
EleutherAI/pythia-1.4b,2,step1,7,1,1414647808,24,0.126646983568688,0.16935732432112496
EleutherAI/pythia-1.4b,2,step1,7,2,1414647808,24,0.12876896589837808,0.16483852117358738
EleutherAI/pythia-1.4b,2,step1,7,3,1414647808,24,0.12529261429813707,0.16052592349974237
EleutherAI/pythia-1.4b,2,step1,7,4,1414647808,24,0.12437840357601818,0.16775456102783073
EleutherAI/pythia-1.4b,2,step1,7,5,1414647808,24,0.12633019498921366,0.1700288516388193
EleutherAI/pythia-1.4b,2,step1,7,6,1414647808,24,0.12548737606039273,0.16531753356011955
EleutherAI/pythia-1.4b,2,step1,7,7,1414647808,24,0.1266828070900909,0.16165608921096664
EleutherAI/pythia-1.4b,2,step1,7,8,1414647808,24,0.12558517132413097,0.16723115092797855
EleutherAI/pythia-1.4b,2,step1,7,9,1414647808,24,0.12811215473590667,0.1597506145390125
EleutherAI/pythia-1.4b,2,step1,7,10,1414647808,24,0.12691129846414462,0.16532302843602567
EleutherAI/pythia-1.4b,2,step1,7,11,1414647808,24,0.12690511943811586,0.16835265944490915
EleutherAI/pythia-1.4b,2,step1,7,12,1414647808,24,0.1283913591692039,0.16262352269131675
EleutherAI/pythia-1.4b,2,step1,7,13,1414647808,24,0.12531013940055444,0.1605656329911571
EleutherAI/pythia-1.4b,2,step1,7,14,1414647808,24,0.12445416558231852,0.16811513606537207
EleutherAI/pythia-1.4b,2,step1,7,15,1414647808,24,0.12929970933845983,0.16266728838061065
EleutherAI/pythia-1.4b,2,step1,7,16,1414647808,24,0.12414141341081786,0.16371633204164443
EleutherAI/pythia-1.4b,2,step1,8,1,1414647808,24,0.12420283355288673,0.16637042438885466
EleutherAI/pythia-1.4b,2,step1,8,2,1414647808,24,0.12759299171310998,0.16231772321480525
EleutherAI/pythia-1.4b,2,step1,8,3,1414647808,24,0.12603007108196837,0.1603334442049533
EleutherAI/pythia-1.4b,2,step1,8,4,1414647808,24,0.12429314362327075,0.16707501200785682
EleutherAI/pythia-1.4b,2,step1,8,5,1414647808,24,0.12868455120616842,0.16726398668825265
EleutherAI/pythia-1.4b,2,step1,8,6,1414647808,24,0.12770658326489068,0.16506042612811642
EleutherAI/pythia-1.4b,2,step1,8,7,1414647808,24,0.12964381391669175,0.16512039589049576
EleutherAI/pythia-1.4b,2,step1,8,8,1414647808,24,0.12404695261191494,0.1695950497836769
EleutherAI/pythia-1.4b,2,step1,8,9,1414647808,24,0.12875126783285767,0.16419538038897438
EleutherAI/pythia-1.4b,2,step1,8,10,1414647808,24,0.12100409587716551,0.1645044799692727
EleutherAI/pythia-1.4b,2,step1,8,11,1414647808,24,0.12722899866578452,0.1618192992075248
EleutherAI/pythia-1.4b,2,step1,8,12,1414647808,24,0.1262286554507396,0.16536377985645698
EleutherAI/pythia-1.4b,2,step1,8,13,1414647808,24,0.12708762822834932,0.16481514024483904
EleutherAI/pythia-1.4b,2,step1,8,14,1414647808,24,0.1268986142254448,0.15795551629194443
EleutherAI/pythia-1.4b,2,step1,8,15,1414647808,24,0.12645727110182017,0.16163932727845579
EleutherAI/pythia-1.4b,2,step1,8,16,1414647808,24,0.12800020825777858,0.16363532124115177
EleutherAI/pythia-1.4b,2,step1,9,1,1414647808,24,0.1269037528718645,0.16169738908810116
EleutherAI/pythia-1.4b,2,step1,9,2,1414647808,24,0.12582270871545814,0.16193789033940778
EleutherAI/pythia-1.4b,2,step1,9,3,1414647808,24,0.12560165752922448,0.16711218794947624
EleutherAI/pythia-1.4b,2,step1,9,4,1414647808,24,0.12722342458550812,0.16499160920401232
EleutherAI/pythia-1.4b,2,step1,9,5,1414647808,24,0.12363426929322982,0.16929771432334234
EleutherAI/pythia-1.4b,2,step1,9,6,1414647808,24,0.12527578360437447,0.1617373808233945
EleutherAI/pythia-1.4b,2,step1,9,7,1414647808,24,0.12240728848353695,0.16779256593603803
EleutherAI/pythia-1.4b,2,step1,9,8,1414647808,24,0.12134822723721415,0.16803691443335542
EleutherAI/pythia-1.4b,2,step1,9,9,1414647808,24,0.1260535259627633,0.1700477931570183
EleutherAI/pythia-1.4b,2,step1,9,10,1414647808,24,0.12620025229928367,0.1647199971976133
EleutherAI/pythia-1.4b,2,step1,9,11,1414647808,24,0.1284382192938177,0.1635532704358165
EleutherAI/pythia-1.4b,2,step1,9,12,1414647808,24,0.12751582618411234,0.16979858037587756
EleutherAI/pythia-1.4b,2,step1,9,13,1414647808,24,0.12703204719355332,0.17060310512154664
EleutherAI/pythia-1.4b,2,step1,9,14,1414647808,24,0.12715678860072613,0.1670441711852858
EleutherAI/pythia-1.4b,2,step1,9,15,1414647808,24,0.12561554873960687,0.16580384965236478
EleutherAI/pythia-1.4b,2,step1,9,16,1414647808,24,0.12515226847774627,0.15992872262032357
EleutherAI/pythia-1.4b,2,step1,10,1,1414647808,24,0.12456324699337593,0.16687414987577687
EleutherAI/pythia-1.4b,2,step1,10,2,1414647808,24,0.12446653676798211,0.16704783171370577
EleutherAI/pythia-1.4b,2,step1,10,3,1414647808,24,0.12692132126260264,0.15921387268795262
EleutherAI/pythia-1.4b,2,step1,10,4,1414647808,24,0.12234881751843396,0.16452292502821383
EleutherAI/pythia-1.4b,2,step1,10,5,1414647808,24,0.12711601968373618,0.17517893361459083
EleutherAI/pythia-1.4b,2,step1,10,6,1414647808,24,0.12478018767415756,0.15764594861158018
EleutherAI/pythia-1.4b,2,step1,10,7,1414647808,24,0.12356105734322875,0.16687093461463756
EleutherAI/pythia-1.4b,2,step1,10,8,1414647808,24,0.12963467863788292,0.16189010553173827
EleutherAI/pythia-1.4b,2,step1,10,9,1414647808,24,0.12343590906835171,0.16611680825864583
EleutherAI/pythia-1.4b,2,step1,10,10,1414647808,24,0.12917688382683212,0.1627987591555347
EleutherAI/pythia-1.4b,2,step1,10,11,1414647808,24,0.12342236915955668,0.159834466119473
EleutherAI/pythia-1.4b,2,step1,10,12,1414647808,24,0.12397505222140127,0.1652671293084238
EleutherAI/pythia-1.4b,2,step1,10,13,1414647808,24,0.1255596751129036,0.16308383752700978
EleutherAI/pythia-1.4b,2,step1,10,14,1414647808,24,0.12378154406407928,0.1754691615454606
EleutherAI/pythia-1.4b,2,step1,10,15,1414647808,24,0.12802167678693746,0.1708107257748509
EleutherAI/pythia-1.4b,2,step1,10,16,1414647808,24,0.12744378539042783,0.16117216250649438
EleutherAI/pythia-1.4b,2,step1,11,1,1414647808,24,0.12522074791627957,0.16528552242585484
EleutherAI/pythia-1.4b,2,step1,11,2,1414647808,24,0.12555272584115418,0.16278228445633033
EleutherAI/pythia-1.4b,2,step1,11,3,1414647808,24,0.12938125196609407,0.161534483989214
EleutherAI/pythia-1.4b,2,step1,11,4,1414647808,24,0.12673437909723756,0.16885049477801303
EleutherAI/pythia-1.4b,2,step1,11,5,1414647808,24,0.1271641858134631,0.1613224789489049
EleutherAI/pythia-1.4b,2,step1,11,6,1414647808,24,0.12669396140911912,0.16619045284573913
EleutherAI/pythia-1.4b,2,step1,11,7,1414647808,24,0.12753678588112727,0.16990925013101668
EleutherAI/pythia-1.4b,2,step1,11,8,1414647808,24,0.1256447274674166,0.16378283307694633
EleutherAI/pythia-1.4b,2,step1,11,9,1414647808,24,0.12163168255676016,0.16908020665449597
EleutherAI/pythia-1.4b,2,step1,11,10,1414647808,24,0.12857961660815964,0.1554527273205844
EleutherAI/pythia-1.4b,2,step1,11,11,1414647808,24,0.12305253136668115,0.17090142114988494
EleutherAI/pythia-1.4b,2,step1,11,12,1414647808,24,0.12929751187585312,0.1597508305834757
EleutherAI/pythia-1.4b,2,step1,11,13,1414647808,24,0.12403346120460967,0.16676634414171845
EleutherAI/pythia-1.4b,2,step1,11,14,1414647808,24,0.12482493396501637,0.16876933805353644
EleutherAI/pythia-1.4b,2,step1,11,15,1414647808,24,0.12655204376233764,0.1659901049323715
EleutherAI/pythia-1.4b,2,step1,11,16,1414647808,24,0.12686763342481114,0.1594889761247971
EleutherAI/pythia-1.4b,2,step1,12,1,1414647808,24,0.1255666261522082,0.1626218650657851
EleutherAI/pythia-1.4b,2,step1,12,2,1414647808,24,0.12492574175243616,0.16618063548641338
EleutherAI/pythia-1.4b,2,step1,12,3,1414647808,24,0.12515706301585686,0.16730386692773289
EleutherAI/pythia-1.4b,2,step1,12,4,1414647808,24,0.1284002098492584,0.16642743671262583
EleutherAI/pythia-1.4b,2,step1,12,5,1414647808,24,0.12581178887157107,0.1687543289819816
EleutherAI/pythia-1.4b,2,step1,12,6,1414647808,24,0.12938969512400142,0.16323059998094674
EleutherAI/pythia-1.4b,2,step1,12,7,1414647808,24,0.12543261283868778,0.17647400699757237
EleutherAI/pythia-1.4b,2,step1,12,8,1414647808,24,0.12289606410081497,0.16764883534820585
EleutherAI/pythia-1.4b,2,step1,12,9,1414647808,24,0.12411957569755945,0.17193137613815943
EleutherAI/pythia-1.4b,2,step1,12,10,1414647808,24,0.12660025434943287,0.16853130520978665
EleutherAI/pythia-1.4b,2,step1,12,11,1414647808,24,0.12662445658722793,0.17148957147567834
EleutherAI/pythia-1.4b,2,step1,12,12,1414647808,24,0.1265676603918229,0.1568849095990797
EleutherAI/pythia-1.4b,2,step1,12,13,1414647808,24,0.12653136779708005,0.16704421470853476
EleutherAI/pythia-1.4b,2,step1,12,14,1414647808,24,0.1251318842150248,0.16608295696521838
EleutherAI/pythia-1.4b,2,step1,12,15,1414647808,24,0.1249382657924661,0.16912104704000566
EleutherAI/pythia-1.4b,2,step1,12,16,1414647808,24,0.1275380276445601,0.1732208793283672
EleutherAI/pythia-1.4b,2,step1,13,1,1414647808,24,0.1258564930319696,0.1683882347366831
EleutherAI/pythia-1.4b,2,step1,13,2,1414647808,24,0.1254921438054995,0.17273953114566318
EleutherAI/pythia-1.4b,2,step1,13,3,1414647808,24,0.12289820557219663,0.16759957495640523
EleutherAI/pythia-1.4b,2,step1,13,4,1414647808,24,0.12230126665452037,0.17029740586429382
EleutherAI/pythia-1.4b,2,step1,13,5,1414647808,24,0.12545272393023463,0.170318519556755
EleutherAI/pythia-1.4b,2,step1,13,6,1414647808,24,0.12728246201847762,0.16447248123586172
EleutherAI/pythia-1.4b,2,step1,13,7,1414647808,24,0.12705405618066898,0.1634486208728573
EleutherAI/pythia-1.4b,2,step1,13,8,1414647808,24,0.12275986816991373,0.1707249798283383
EleutherAI/pythia-1.4b,2,step1,13,9,1414647808,24,0.12261774112937504,0.17672310213561168
EleutherAI/pythia-1.4b,2,step1,13,10,1414647808,24,0.12373253551532731,0.16257756921622127
EleutherAI/pythia-1.4b,2,step1,13,11,1414647808,24,0.12491203543615409,0.16963546826607648
EleutherAI/pythia-1.4b,2,step1,13,12,1414647808,24,0.12607754556065023,0.1627946508707137
EleutherAI/pythia-1.4b,2,step1,13,13,1414647808,24,0.12663782810842664,0.1641759461647755
EleutherAI/pythia-1.4b,2,step1,13,14,1414647808,24,0.12401083119593936,0.1679355744440276
EleutherAI/pythia-1.4b,2,step1,13,15,1414647808,24,0.12162190958208682,0.16481571713904355
EleutherAI/pythia-1.4b,2,step1,13,16,1414647808,24,0.12780115214755403,0.16699092639973748
EleutherAI/pythia-1.4b,2,step1,14,1,1414647808,24,0.12841445662349726,0.1703630333134272
EleutherAI/pythia-1.4b,2,step1,14,2,1414647808,24,0.12341121562921603,0.16861715463099175
EleutherAI/pythia-1.4b,2,step1,14,3,1414647808,24,0.12435442035844371,0.1649624634892106
EleutherAI/pythia-1.4b,2,step1,14,4,1414647808,24,0.12965651152392582,0.16031879702353616
EleutherAI/pythia-1.4b,2,step1,14,5,1414647808,24,0.1276449672654047,0.1616150736752841
EleutherAI/pythia-1.4b,2,step1,14,6,1414647808,24,0.12568580986255098,0.16976653061829525
EleutherAI/pythia-1.4b,2,step1,14,7,1414647808,24,0.12523134966176727,0.16198159543400228
EleutherAI/pythia-1.4b,2,step1,14,8,1414647808,24,0.13183043893795826,0.1591801069922991
EleutherAI/pythia-1.4b,2,step1,14,9,1414647808,24,0.12625774251179647,0.16891889769706994
EleutherAI/pythia-1.4b,2,step1,14,10,1414647808,24,0.12586884794046388,0.1626667428884778
EleutherAI/pythia-1.4b,2,step1,14,11,1414647808,24,0.13069562344915334,0.16136508096602403
EleutherAI/pythia-1.4b,2,step1,14,12,1414647808,24,0.12731738606685986,0.16301080647173583
EleutherAI/pythia-1.4b,2,step1,14,13,1414647808,24,0.12645842244026356,0.1638475736049381
EleutherAI/pythia-1.4b,2,step1,14,14,1414647808,24,0.1257357078663132,0.17201732874878709
EleutherAI/pythia-1.4b,2,step1,14,15,1414647808,24,0.13032493532240924,0.1638777737167325
EleutherAI/pythia-1.4b,2,step1,14,16,1414647808,24,0.1266565328861052,0.1638459655772279
EleutherAI/pythia-1.4b,2,step1,15,1,1414647808,24,0.12224882935640866,0.16833083904921647
EleutherAI/pythia-1.4b,2,step1,15,2,1414647808,24,0.12273553674956696,0.1681014356950113
EleutherAI/pythia-1.4b,2,step1,15,3,1414647808,24,0.12779283092857835,0.16246937699168468
EleutherAI/pythia-1.4b,2,step1,15,4,1414647808,24,0.11962756766258055,0.16848273115517853
EleutherAI/pythia-1.4b,2,step1,15,5,1414647808,24,0.12144659460709613,0.16846152070025958
EleutherAI/pythia-1.4b,2,step1,15,6,1414647808,24,0.12197101395856864,0.1720345439752927
EleutherAI/pythia-1.4b,2,step1,15,7,1414647808,24,0.12583634954270295,0.16597097004587583
EleutherAI/pythia-1.4b,2,step1,15,8,1414647808,24,0.12447326524636226,0.16953171361181824
EleutherAI/pythia-1.4b,2,step1,15,9,1414647808,24,0.12182356221964942,0.16950058526507722
EleutherAI/pythia-1.4b,2,step1,15,10,1414647808,24,0.12098517603948485,0.17174383039186306
EleutherAI/pythia-1.4b,2,step1,15,11,1414647808,24,0.12203606711448846,0.17419848523966897
EleutherAI/pythia-1.4b,2,step1,15,12,1414647808,24,0.12607535316018725,0.16471220927687732
EleutherAI/pythia-1.4b,2,step1,15,13,1414647808,24,0.12904673650883156,0.16329796847750291
EleutherAI/pythia-1.4b,2,step1,15,14,1414647808,24,0.12565783899579494,0.1715229422066573
EleutherAI/pythia-1.4b,2,step1,15,15,1414647808,24,0.12644254708209549,0.16742058427215692
EleutherAI/pythia-1.4b,2,step1,15,16,1414647808,24,0.12610134207182097,0.16454314202204476
EleutherAI/pythia-1.4b,2,step1,16,1,1414647808,24,0.12597674289130945,0.16610265541094554
EleutherAI/pythia-1.4b,2,step1,16,2,1414647808,24,0.12787989858123988,0.1644980429473134
EleutherAI/pythia-1.4b,2,step1,16,3,1414647808,24,0.12745733767770248,0.16829396203137909
EleutherAI/pythia-1.4b,2,step1,16,4,1414647808,24,0.12497783108829731,0.16471925832599665
EleutherAI/pythia-1.4b,2,step1,16,5,1414647808,24,0.12184641472771536,0.1661741981008747
EleutherAI/pythia-1.4b,2,step1,16,6,1414647808,24,0.12424391184237085,0.16443294890269677
EleutherAI/pythia-1.4b,2,step1,16,7,1414647808,24,0.12702965964605137,0.15706527090488787
EleutherAI/pythia-1.4b,2,step1,16,8,1414647808,24,0.1266266807757161,0.1668195373884908
EleutherAI/pythia-1.4b,2,step1,16,9,1414647808,24,0.12203330272534584,0.16719862320893875
EleutherAI/pythia-1.4b,2,step1,16,10,1414647808,24,0.12211300229077578,0.1627517468533716
EleutherAI/pythia-1.4b,2,step1,16,11,1414647808,24,0.1274913505346209,0.16511782749301496
EleutherAI/pythia-1.4b,2,step1,16,12,1414647808,24,0.1239125939539155,0.16694058919767354
EleutherAI/pythia-1.4b,2,step1,16,13,1414647808,24,0.12463219341326937,0.16999782501599628
EleutherAI/pythia-1.4b,2,step1,16,14,1414647808,24,0.1249950999343717,0.172762388167707
EleutherAI/pythia-1.4b,2,step1,16,15,1414647808,24,0.12482613653459165,0.16611917511568408
EleutherAI/pythia-1.4b,2,step1,16,16,1414647808,24,0.12330854111337085,0.16701373343800635
EleutherAI/pythia-1.4b,2,step1,17,1,1414647808,24,0.12851455900538428,0.16258962600640164
EleutherAI/pythia-1.4b,2,step1,17,2,1414647808,24,0.12660039945116805,0.15928255806903577
EleutherAI/pythia-1.4b,2,step1,17,3,1414647808,24,0.1267916202578727,0.1627753491628098
EleutherAI/pythia-1.4b,2,step1,17,4,1414647808,24,0.12143064795940126,0.16447158824014768
EleutherAI/pythia-1.4b,2,step1,17,5,1414647808,24,0.12638052834292965,0.1607965292134979
EleutherAI/pythia-1.4b,2,step1,17,6,1414647808,24,0.1255042058871583,0.1655475704709778
EleutherAI/pythia-1.4b,2,step1,17,7,1414647808,24,0.12847218913649827,0.1656033838777481
EleutherAI/pythia-1.4b,2,step1,17,8,1414647808,24,0.1278707897598231,0.16146221593604068
EleutherAI/pythia-1.4b,2,step1,17,9,1414647808,24,0.1251567149808904,0.1637554237557513
EleutherAI/pythia-1.4b,2,step1,17,10,1414647808,24,0.12244118403855919,0.1645136974393963
EleutherAI/pythia-1.4b,2,step1,17,11,1414647808,24,0.12632479496277843,0.16795604098756028
EleutherAI/pythia-1.4b,2,step1,17,12,1414647808,24,0.12385029804979533,0.1655518443018824
EleutherAI/pythia-1.4b,2,step1,17,13,1414647808,24,0.12110357888758894,0.1635393532882402
EleutherAI/pythia-1.4b,2,step1,17,14,1414647808,24,0.1213898345458883,0.16575294073570415
EleutherAI/pythia-1.4b,2,step1,17,15,1414647808,24,0.1296296858035766,0.15891230506291076
EleutherAI/pythia-1.4b,2,step1,17,16,1414647808,24,0.12408361910610223,0.17469382041634557
EleutherAI/pythia-1.4b,2,step1,18,1,1414647808,24,0.12578686604181205,0.1638047318211994
EleutherAI/pythia-1.4b,2,step1,18,2,1414647808,24,0.12354863102774358,0.1677234891813259
EleutherAI/pythia-1.4b,2,step1,18,3,1414647808,24,0.12522885883534632,0.16572642529400078
EleutherAI/pythia-1.4b,2,step1,18,4,1414647808,24,0.1280405223761145,0.16848630727724623
EleutherAI/pythia-1.4b,2,step1,18,5,1414647808,24,0.1238634451586115,0.1680692821606859
EleutherAI/pythia-1.4b,2,step1,18,6,1414647808,24,0.12849170471857613,0.16473344193810632
EleutherAI/pythia-1.4b,2,step1,18,7,1414647808,24,0.13015199313919104,0.1593094863075841
EleutherAI/pythia-1.4b,2,step1,18,8,1414647808,24,0.12338012539118792,0.16663187275173602
EleutherAI/pythia-1.4b,2,step1,18,9,1414647808,24,0.12134671406456833,0.17089129322664331
EleutherAI/pythia-1.4b,2,step1,18,10,1414647808,24,0.12620235985709916,0.16512563740191333
EleutherAI/pythia-1.4b,2,step1,18,11,1414647808,24,0.12498335401015771,0.1678088998293375
EleutherAI/pythia-1.4b,2,step1,18,12,1414647808,24,0.1233246159703434,0.16652456366711546
EleutherAI/pythia-1.4b,2,step1,18,13,1414647808,24,0.1239460390508622,0.17106537167933786
EleutherAI/pythia-1.4b,2,step1,18,14,1414647808,24,0.12425840662809101,0.1675331929793676
EleutherAI/pythia-1.4b,2,step1,18,15,1414647808,24,0.12563541970095474,0.1649792709250797
EleutherAI/pythia-1.4b,2,step1,18,16,1414647808,24,0.1222621974879288,0.16671065245573222
EleutherAI/pythia-1.4b,2,step1,19,1,1414647808,24,0.12319760116840801,0.16738532890786634
EleutherAI/pythia-1.4b,2,step1,19,2,1414647808,24,0.12546794166838796,0.15910327637584892
EleutherAI/pythia-1.4b,2,step1,19,3,1414647808,24,0.1271190132285739,0.17300262389978663
EleutherAI/pythia-1.4b,2,step1,19,4,1414647808,24,0.12803942192759774,0.16253949398616765
EleutherAI/pythia-1.4b,2,step1,19,5,1414647808,24,0.1250074170362036,0.1655844821463207
EleutherAI/pythia-1.4b,2,step1,19,6,1414647808,24,0.12717971973702888,0.16496591046228776
EleutherAI/pythia-1.4b,2,step1,19,7,1414647808,24,0.12490229276722074,0.1733684877532201
EleutherAI/pythia-1.4b,2,step1,19,8,1414647808,24,0.126028165651916,0.17129668162704942
EleutherAI/pythia-1.4b,2,step1,19,9,1414647808,24,0.1252237802802084,0.17441616492631196
EleutherAI/pythia-1.4b,2,step1,19,10,1414647808,24,0.12434038339188323,0.16390510865517918
EleutherAI/pythia-1.4b,2,step1,19,11,1414647808,24,0.1249959841146841,0.16576604438280018
EleutherAI/pythia-1.4b,2,step1,19,12,1414647808,24,0.12874848169048086,0.15832415058112534
EleutherAI/pythia-1.4b,2,step1,19,13,1414647808,24,0.12919581047183754,0.16503516427456613
EleutherAI/pythia-1.4b,2,step1,19,14,1414647808,24,0.12435089813562122,0.1666873801980648
EleutherAI/pythia-1.4b,2,step1,19,15,1414647808,24,0.12550263138706078,0.16422550609564635
EleutherAI/pythia-1.4b,2,step1,19,16,1414647808,24,0.12747654214210513,0.161236409987281
EleutherAI/pythia-1.4b,2,step1,20,1,1414647808,24,0.12300165706837138,0.16904205901620978
EleutherAI/pythia-1.4b,2,step1,20,2,1414647808,24,0.1252389563521644,0.16781928747691008
EleutherAI/pythia-1.4b,2,step1,20,3,1414647808,24,0.12719773825582437,0.1636696446563925
EleutherAI/pythia-1.4b,2,step1,20,4,1414647808,24,0.12412571598840007,0.16931876587729014
EleutherAI/pythia-1.4b,2,step1,20,5,1414647808,24,0.12680982959431567,0.16968779365445397
EleutherAI/pythia-1.4b,2,step1,20,6,1414647808,24,0.12855695068343978,0.16970826293881586
EleutherAI/pythia-1.4b,2,step1,20,7,1414647808,24,0.1295690766057452,0.1661525854488482
EleutherAI/pythia-1.4b,2,step1,20,8,1414647808,24,0.12694491003570071,0.1639155363244516
EleutherAI/pythia-1.4b,2,step1,20,9,1414647808,24,0.1258135377443409,0.16948026521606843
EleutherAI/pythia-1.4b,2,step1,20,10,1414647808,24,0.12445690065577578,0.16937940912852592
EleutherAI/pythia-1.4b,2,step1,20,11,1414647808,24,0.1256983318161946,0.1735844176161933
EleutherAI/pythia-1.4b,2,step1,20,12,1414647808,24,0.12508500094998165,0.16179112140257074
EleutherAI/pythia-1.4b,2,step1,20,13,1414647808,24,0.12352792375550431,0.16857574254766594
EleutherAI/pythia-1.4b,2,step1,20,14,1414647808,24,0.128883379050069,0.16212595571335905
EleutherAI/pythia-1.4b,2,step1,20,15,1414647808,24,0.12554396148043884,0.16712013641008738
EleutherAI/pythia-1.4b,2,step1,20,16,1414647808,24,0.1256680425603289,0.16674628155166138
EleutherAI/pythia-1.4b,2,step1,21,1,1414647808,24,0.12819795858103766,0.16386760453562116
EleutherAI/pythia-1.4b,2,step1,21,2,1414647808,24,0.12503804082425682,0.16793430575334628
EleutherAI/pythia-1.4b,2,step1,21,3,1414647808,24,0.12282249723021328,0.16307282358877825
EleutherAI/pythia-1.4b,2,step1,21,4,1414647808,24,0.1277914979906232,0.16194431233714826
EleutherAI/pythia-1.4b,2,step1,21,5,1414647808,24,0.12404499100045753,0.16813697525532212
EleutherAI/pythia-1.4b,2,step1,21,6,1414647808,24,0.12430476897896764,0.16816641497719392
EleutherAI/pythia-1.4b,2,step1,21,7,1414647808,24,0.12585903757864286,0.1658738572094533
EleutherAI/pythia-1.4b,2,step1,21,8,1414647808,24,0.12402503443014869,0.1643885183441746
EleutherAI/pythia-1.4b,2,step1,21,9,1414647808,24,0.12696455096316941,0.1600189047722934
EleutherAI/pythia-1.4b,2,step1,21,10,1414647808,24,0.127654971202483,0.15913405167022798
EleutherAI/pythia-1.4b,2,step1,21,11,1414647808,24,0.12362902754688401,0.16396904791573857
EleutherAI/pythia-1.4b,2,step1,21,12,1414647808,24,0.12672116533033656,0.16477705638397022
EleutherAI/pythia-1.4b,2,step1,21,13,1414647808,24,0.12467644881043165,0.1662848850113672
EleutherAI/pythia-1.4b,2,step1,21,14,1414647808,24,0.128996801850674,0.1629061242034127
EleutherAI/pythia-1.4b,2,step1,21,15,1414647808,24,0.1251894032621795,0.16337481336863904
EleutherAI/pythia-1.4b,2,step1,21,16,1414647808,24,0.12438696009797731,0.1767382654543216
EleutherAI/pythia-1.4b,2,step1,22,1,1414647808,24,0.12267038164598801,0.16987092651471536
EleutherAI/pythia-1.4b,2,step1,22,2,1414647808,24,0.12287787692034026,0.16687254815756733
EleutherAI/pythia-1.4b,2,step1,22,3,1414647808,24,0.1262190678903648,0.1668672157121492
EleutherAI/pythia-1.4b,2,step1,22,4,1414647808,24,0.12596320126530103,0.16530405174012294
EleutherAI/pythia-1.4b,2,step1,22,5,1414647808,24,0.12649073933360272,0.1671557367888388
EleutherAI/pythia-1.4b,2,step1,22,6,1414647808,24,0.12855162133683667,0.15930164665789212
EleutherAI/pythia-1.4b,2,step1,22,7,1414647808,24,0.12154144878211139,0.17497556456350702
EleutherAI/pythia-1.4b,2,step1,22,8,1414647808,24,0.12258710109212015,0.16994466121356047
EleutherAI/pythia-1.4b,2,step1,22,9,1414647808,24,0.12372657218696294,0.16382152735403882
EleutherAI/pythia-1.4b,2,step1,22,10,1414647808,24,0.12332383377684483,0.1672079733463826
EleutherAI/pythia-1.4b,2,step1,22,11,1414647808,24,0.12909847699307103,0.1702422163821197
EleutherAI/pythia-1.4b,2,step1,22,12,1414647808,24,0.13260794359933323,0.16091466390222933
EleutherAI/pythia-1.4b,2,step1,22,13,1414647808,24,0.12674461197186335,0.1641638544877549
EleutherAI/pythia-1.4b,2,step1,22,14,1414647808,24,0.12954999141216095,0.16104082894642965
EleutherAI/pythia-1.4b,2,step1,22,15,1414647808,24,0.1265608120832715,0.16768944993413779
EleutherAI/pythia-1.4b,2,step1,22,16,1414647808,24,0.12491643276099144,0.1674139335326425
EleutherAI/pythia-1.4b,2,step1,23,1,1414647808,24,0.12517891684407223,0.16101516704368696
EleutherAI/pythia-1.4b,2,step1,23,2,1414647808,24,0.1293419841453209,0.15822886664409175
EleutherAI/pythia-1.4b,2,step1,23,3,1414647808,24,0.12605858350860638,0.16436444723547933
EleutherAI/pythia-1.4b,2,step1,23,4,1414647808,24,0.12425397650839326,0.16819697850615944
EleutherAI/pythia-1.4b,2,step1,23,5,1414647808,24,0.1286341262248543,0.1615218399847681
EleutherAI/pythia-1.4b,2,step1,23,6,1414647808,24,0.12081625210205173,0.17375664053311393
EleutherAI/pythia-1.4b,2,step1,23,7,1414647808,24,0.127905231248867,0.16707988309900498
EleutherAI/pythia-1.4b,2,step1,23,8,1414647808,24,0.1230501748352974,0.171361312762395
EleutherAI/pythia-1.4b,2,step1,23,9,1414647808,24,0.12721348207656502,0.16326269554393782
EleutherAI/pythia-1.4b,2,step1,23,10,1414647808,24,0.12447880938447806,0.17259262107849654
EleutherAI/pythia-1.4b,2,step1,23,11,1414647808,24,0.12798121103362453,0.16672371912400819
EleutherAI/pythia-1.4b,2,step1,23,12,1414647808,24,0.12333263628542777,0.1690796256993894
EleutherAI/pythia-1.4b,2,step1,23,13,1414647808,24,0.1267117069972617,0.1614429828327697
EleutherAI/pythia-1.4b,2,step1,23,14,1414647808,24,0.12276231577513629,0.1688945777322705
EleutherAI/pythia-1.4b,2,step1,23,15,1414647808,24,0.12413236871361728,0.17222739413224
EleutherAI/pythia-1.4b,2,step1,23,16,1414647808,24,0.13553023428373684,0.16229554424034398
EleutherAI/pythia-1.4b,2,step1,24,1,1414647808,24,0.12199706313488358,0.17668442030971468
EleutherAI/pythia-1.4b,2,step1,24,2,1414647808,24,0.12567312285505433,0.16311986366281275
EleutherAI/pythia-1.4b,2,step1,24,3,1414647808,24,0.12724383397436173,0.16014944423023642
EleutherAI/pythia-1.4b,2,step1,24,4,1414647808,24,0.12651459381051425,0.16487663336568045
EleutherAI/pythia-1.4b,2,step1,24,5,1414647808,24,0.12687365091531658,0.1601820333102891
EleutherAI/pythia-1.4b,2,step1,24,6,1414647808,24,0.1261032277063743,0.16342584214903208
EleutherAI/pythia-1.4b,2,step1,24,7,1414647808,24,0.13542452077003744,0.16017592155763333
EleutherAI/pythia-1.4b,2,step1,24,8,1414647808,24,0.12417440423490224,0.1699249910095611
EleutherAI/pythia-1.4b,2,step1,24,9,1414647808,24,0.1221859527656713,0.1656544917002991
EleutherAI/pythia-1.4b,2,step1,24,10,1414647808,24,0.12363067624514341,0.16011638459455854
EleutherAI/pythia-1.4b,2,step1,24,11,1414647808,24,0.12571447250900322,0.16049800305865008
EleutherAI/pythia-1.4b,2,step1,24,12,1414647808,24,0.12743398074519344,0.16387632904244254
EleutherAI/pythia-1.4b,2,step1,24,13,1414647808,24,0.1256178999795122,0.16812781214870665
EleutherAI/pythia-1.4b,2,step1,24,14,1414647808,24,0.12385769541355758,0.17611300182324627
EleutherAI/pythia-1.4b,2,step1,24,15,1414647808,24,0.12268020076727541,0.1679160844523448
EleutherAI/pythia-1.4b,2,step1,24,16,1414647808,24,0.12435138151720833,0.1637427124723389
