layer,head,composed_qk_score,partner_layer,partner_head,composed_qk_frob,mpath,seed,step,revision,n_params,n_layers,n_heads
1,0,0.4144623279571533,0,2,0.09199301153421402,EleutherAI/pythia-14m,1,256,step256,14067712,6,4
1,1,0.38474977016448975,0,0,0.08803939074277878,EleutherAI/pythia-14m,1,256,step256,14067712,6,4
1,2,0.42982304096221924,0,1,0.09167364239692688,EleutherAI/pythia-14m,1,256,step256,14067712,6,4
1,3,0.38053077459335327,0,0,0.08890370279550552,EleutherAI/pythia-14m,1,256,step256,14067712,6,4
2,0,0.37329334020614624,1,3,0.09151577204465866,EleutherAI/pythia-14m,1,256,step256,14067712,6,4
2,1,0.3841641843318939,0,2,0.09074549376964569,EleutherAI/pythia-14m,1,256,step256,14067712,6,4
2,2,0.3554171025753021,0,2,0.08679165691137314,EleutherAI/pythia-14m,1,256,step256,14067712,6,4
2,3,0.3939439356327057,1,2,0.08682293444871902,EleutherAI/pythia-14m,1,256,step256,14067712,6,4
3,0,0.3850385248661041,2,3,0.08647210896015167,EleutherAI/pythia-14m,1,256,step256,14067712,6,4
3,1,0.38522398471832275,2,0,0.08823756128549576,EleutherAI/pythia-14m,1,256,step256,14067712,6,4
3,2,0.4106428325176239,1,2,0.08895186334848404,EleutherAI/pythia-14m,1,256,step256,14067712,6,4
3,3,0.3734684884548187,2,3,0.08454492688179016,EleutherAI/pythia-14m,1,256,step256,14067712,6,4
4,0,0.3952774405479431,0,2,0.09206730127334595,EleutherAI/pythia-14m,1,256,step256,14067712,6,4
4,1,0.4067222476005554,1,1,0.0906890258193016,EleutherAI/pythia-14m,1,256,step256,14067712,6,4
4,2,0.3857012987136841,2,2,0.08722104132175446,EleutherAI/pythia-14m,1,256,step256,14067712,6,4
4,3,0.40694770216941833,3,2,0.08695579320192337,EleutherAI/pythia-14m,1,256,step256,14067712,6,4
5,0,0.4229430854320526,4,0,0.08835318684577942,EleutherAI/pythia-14m,1,256,step256,14067712,6,4
5,1,0.4266241788864136,0,3,0.08722459524869919,EleutherAI/pythia-14m,1,256,step256,14067712,6,4
5,2,0.4151063561439514,2,3,0.09194020926952362,EleutherAI/pythia-14m,1,256,step256,14067712,6,4
5,3,0.45535939931869507,4,3,0.088020920753479,EleutherAI/pythia-14m,1,256,step256,14067712,6,4
